"İllerde yaşam endeksi gösterge değerleri, 2015",,,,,,,,,,,,,,,,,,,,,,,,,,,,,,,,,,,,,,,,,,,,,,,,,,,,
"Indicator values of well-being index for provinces, 2015",,,,,,,,,,,,,,,,,,,,,,,,,,,,,,,,,,,,,,,,,,,,,,,,,,,,
,,,,,,,,,,,,,,,,,,,,,,,,,,,,,,,,,,,,,,,,,,,,,,,,,,,,,
,,,,,,,,,,,,,,,,,,,,,,,,,,,,,,,,,,,,,,,,,,,,,,,,,,,,,
,,"Konut
Housing",,,,"Çalışma hayatı
Work life",,,,,"Gelir ve servet
Income and wealth",,,,"Sağlık
Health",,,,,,"Eğitim
Education",,,,,,"Çevre
Environment",,,,,,"Güvenlik
Safety",,,,,"Sivil katılım
Civic engagement",,,,"Altyapı hizmetlerine erişim
Access to infrastructure services",,,,,"Sosyal yaşam
Social life",,,,,"Yaşam memnuniyeti
Life satisfaction"
"İl
Province",,"Fert başına düşen oda sayısı   
Number of rooms per person  ","Konutun içinde tuvalet mevcudiyeti oranı
(%)
Toilet presence percentage in dwellings 
(%)","Konutun kalitesinde problem yaşayanların oranı 
(%) 
Percentage of households having problems with quality of dwellings
(%)",,"İstihdam oranı 
(%) Employment rate 
(%)","İşsizlik oranı 
(%) Unemployment rate 
(%)","Ortalama günlük kazanç 
(TL) Average daily earnings 
(TRY)","İşinden memnuniyet oranı 
(%) 
Job satisfaction rate 
(%)",,"Kişi başına düşen tasarruf mevduatı
(TL)  
Savings deposit per capita 
(TRY)","Orta ve üstü gelir grubundaki hanelerin oranı
(%)   
Percentage of households in middle or higher income groups
(%)  ","Temel ihtiyaçlarını karşılayamadığını beyan eden hanelerin oranı
(%)   
Percentage of households declaring to fail on meeting basic needs
(%)  ",,"Bebek ölüm hızı 
(‰) 
Infant mortality rate 
(‰)","Doğuşta beklenen yaşam süresi 
(Yıl) 
Life expectancy at birth 
(Years)","Hekim başına düşen müracaat sayısı 
Number of applications per doctor ","Sağlığından memnuniyet oranı 
(%) 
Satisfication rate with health status 
(%)","Kamunun sağlık hizmetlerinden memnuniyet oranı 
(%) 
Satisfication rate with public health services 
(%)",,"Okul öncesi eğitimde (3-5 yaş) net okullaşma oranı  
(%) 
Net schooling ratio of pre-primary education between the ages of 3 and 5 
(%)","TEOG sistemi yerleştirmeye esas puan ortalaması
(puan)  
Average point of placement basic scores of the system for Transition to Secondary Education from Basic Education
(points)","YGS puan ortalaması 
(puan)
Average points of the Transition to Higher Education Examination
(points) ","Fakülte veya yüksekokul mezunlarının oranı 
(%) 
Percentage of higher education graduates 
(%)","Kamunun eğitim hizmetlerinden memnuniyet oranı 
(%) 
Satisfaction rate with public education services 
(%)",,"PM10 istasyon değerleri ortalaması (hava kirliliği) 
(µg/m³) 
Average of PM10 values of the stations (air pollution) 
(µg/m³)","Km2'ye düşen orman alanı 
(%) 
Forest area per km2 
(%)","Atık hizmeti verilen nüfusun oranı 
(%) 
Percentage of population receiving waste services 
(%)","Sokaktan gelen gürültü problemi yaşayanların oranı 
(%) 
Percentage of households having noise problems from the streets 
(%)","Belediyenin temizlik hizmetlerinden memnuniyet oranı 
(%) 
Satisfaction rate with municipal cleaning services 
(%)",,"Cinayet oranı 
(bir milyon kişide) 
Murder rate 
(per  million people)","Ölümlü ve yaralanmalı trafik kazası sayısı 
(bin kişide) 
Number of traffic accidents involving death or injury (per thousand people)","Gece yalnız yürürken kendini güvende hissedenlerin oranı 
(%) 
Percentage of people feeling safe when walking alone at night 
(%)","Kamunun asayiş hizmetlerinden memnuniyet oranı 
(%) 
Satisfication rate with public safety services 
(%)",,"Mahalli idareler seçimlerine katılım oranı 
(%) 
Voter turnout at local administrations 
(%)","Siyasi partilere üyelik oranı 
(%) 
Rate of  membership to political parties 
(%)","Sendika/dernek faaliyetleri ile ilgili olanların oranı 
(%) 
Percentage of persons interested in union/association activities
(%)",,"İnternet abone sayısı (yüz kişide)
Number of internet subscriptions (per hundred persons) ","Kanalizasyon ve şebeke suyuna erişim oranı
(%)  
Access rate of population to sewerage and pipe system
(%) ","Havalimanına erişim oranı
Access rate to airport","Belediyenin toplu taşıma hizmetlerinden memnuniyet oranı
(%)  
Satisfaction rate with municipal public transport services
(%) ",,"Sinema ve tiyatro seyirci sayısı (yüz kişide) 
Number of cinema and theatre audience (per hundred persons)","Bin kişi başına düşen alışveriş merkezi alanı
(m2) 
Shopping mall area per thousand people
(m2)","Sosyal ilişkilerinden memnuniyet oranı 
(%) 
Satisfication rate with social relations 
(%)","Sosyal hayatından memnuniyet oranı 
(%) 
Satisfication rate with social life 
(%)",,"Mutluluk düzeyi 
(%) 
Level of happiness 
(%)"
,,,,,,,,,,,,,,,,,,,,,,,,,,,,,,,,,,,,,,,,,,,,,,,,,,,,,
Adana,,"1,2","86,3","22,7",,"43,3","13,2","59,1","73,3",,5 428,"34,1","59,8",,"13,2","77,4",5 323,"68,5","72,5",,"28,4","281,9","200,5","14,2","63,9",,"44,8","42,1","97,9","25,5","59,6",,"42,9","2,3","53,1","76,6",,"88,1","20,6","7,6",,"9,7","91,5","7449,8","56,3",,"73,1","82,4","81,9","46,7",,"53,0"
Adıyaman,,"0,9","77,1","41,1",,"39,2","9,1","53,2","64,3",,1 543,"16,3","74,8",,"12,1","79,5",7 437,"69,1","74,6",,"30,0","289,3","197,1","12,3","69,0",,"71,0","25,2","65,9","19,4","36,7",,"18,4","1,8","73,6","82,8",,"87,2","22,3","7,0",,"3,7","67,7","74,3","36,7",,"2,9","0,0","81,8","56,9",,"65,0"
Afyonkarahisar,,"1,4","90,2","12,9",,"51,1","5,6","53,9","85,3",,4 062,"29,7","44,1",,"9,6","77,0",5 727,"80,1","87,3",,"31,8","295,5","195,5","10,8","88,9",,"81,0","17,0","73,1","6,5","77,6",,"29,7","2,8","87,2","91,2",,"92,0","20,0","5,7",,"7,0","71,9","12,0","74,2",,"34,9","119,9","94,0","70,3",,"76,4"
Ağrı,,"0,8","64,1","40,5",,"53,2","6,8","56,1","64,0",, 842,"22,6","73,5",,"14,4","75,6",6 720,"66,2","63,3",,"25,4","233,7","189,9","8,6","65,3",,"47,0","0,5","56,2","12,9","35,9",,"29,1","1,3","57,9","76,9",,"77,1","18,6","6,4",,"2,2","50,4","167,0","48,5",,"6,3","0,0","90,0","46,2",,"60,1"
Amasya,,"1,4","95,0","16,9",,"47,4","6,6","53,8","88,7",,3 121,"34,8","43,8",,"15,4","77,8",8 067,"74,2","86,5",,"47,1","317,4","195,5","13,4","87,5",,"29,0","39,2","70,0","12,8","74,4",,"21,7","3,1","67,5","92,3",,"91,2","22,1","5,4",,"8,6","69,0","21,7","73,4",,"19,3","0,0","92,8","62,7",,"66,0"
Ankara,,"1,6","98,7","15,8",,"44,5","10,2","70,1","78,9",,11 462,"58,9","42,4",,"7,0","79,4",2 763,"71,8","68,1",,"35,3","317,6","187,1","22,7","58,0",,"63,4","15,5","99,4","27,0","73,9",,"19,2","2,3","51,1","71,6",,"90,9","18,8","8,2",,"17,7","97,5","2750,6","62,2",,"125,9","284,0","81,1","51,3",,"56,2"
Antalya,,"1,4","96,7","14,9",,"52,9","7,9","59,5","78,6",,8 353,"45,5","48,7",,"8,9","79,2",4 392,"68,5","68,7",,"41,7","319,1","204,3","16,1","62,2",,"53,0","55,8","98,7","28,7","73,0",,"27,9","3,2","52,5","76,0",,"89,8","17,5","6,8",,"14,3","89,0","3091,6","54,2",,"85,8","148,1","78,2","50,5",,"49,8"
Artvin,,"1,6","94,2","19,7",,"47,1","7,1","66,5","84,9",,3 737,"37,7","40,0",,"7,8","79,3",6 301,"80,1","80,1",,"43,5","306,2","188,1","14,3","83,2",,"21,0","54,2","60,8","15,2","74,8",,"17,7","2,2","81,6","94,9",,"87,7","25,2","12,3",,"9,9","56,8","0,0","65,3",,"34,4","32,4","94,2","62,1",,"62,7"
Aydın,,"1,5","78,6","18,0",,"51,4","6,9","53,9","81,6",,6 739,"34,9","49,9",,"9,2","78,7",4 954,"73,4","78,0",,"40,0","304,4","202,5","14,0","70,8",,"65,0","38,8","98,2","14,4","77,3",,"38,4","3,0","63,3","82,2",,"90,7","17,9","5,0",,"11,0","90,0","632,8","63,9",,"64,4","128,7","85,4","52,1",,"53,5"
Balıkesir,,"1,6","88,6","16,7",,"44,4","6,0","56,0","86,9",,6 583,"29,7","45,0",,"7,1","77,6",6 702,"75,4","83,0",,"37,3","316,2","199,9","14,2","82,7",,"50,0","44,8","90,2","15,5","73,4",,"26,9","3,1","76,3","88,7",,"91,3","19,2","5,7",,"12,1","88,5","33,8","74,1",,"58,5","69,8","90,5","75,0",,"70,7"
Bilecik,,"1,5","97,3","12,8",,"48,2","6,5","67,1","85,2",,3 176,"41,4","40,5",,"8,8","77,7",7 752,"74,0","81,5",,"39,6","314,3","198,1","13,9","76,8",,"54,5","54,7","81,6","11,6","79,9",,"9,5","2,9","75,6","89,9",,"92,4","20,7","7,7",,"12,6","80,3","26,1","70,5",,"19,3","72,1","91,8","49,4",,"63,6"
Bingöl,,"1,2","87,9","27,8",,"50,8","7,0","54,2","71,2",,1 580,"23,4","55,9",,"14,5","77,8",5 627,"69,3","66,8",,"28,7","292,5","193,5","11,8","68,3",,"30,0","33,1","60,6","15,8","39,9",,"11,3","1,9","66,6","84,1",,"84,2","25,5","8,3",,"3,5","59,2","112,8","42,6",,"23,5","0,0","90,9","52,4",,"59,5"
Bitlis,,"0,9","88,4","40,7",,"41,5","10,6","54,9","71,0",, 839,"26,5","65,8",,"14,1","77,5",5 984,"70,8","72,5",,"30,7","263,5","193,4","11,4","69,0",,"53,0","19,5","59,5","16,1","47,2",,"26,6","1,5","57,9","85,7",,"83,9","27,4","8,5",,"3,4","57,5","28,7","49,2",,"9,1","29,6","91,8","49,7",,"59,1"
Bolu,,"1,5","99,9","9,4",,"50,0","9,6","58,2","85,4",,4 500,"44,6","38,9",,"6,8","79,2",4 330,"75,0","85,0",,"39,0","318,1","198,0","14,2","81,5",,"78,0","61,9","67,4","9,5","75,5",,"14,0","3,3","72,7","90,1",,"90,7","18,6","3,9",,"12,4","70,1","0,0","56,3",,"48,9","267,2","91,1","56,3",,"70,2"
Burdur,,"1,5","86,5","13,5",,"54,9","6,9","55,5","82,5",,5 212,"31,0","46,6",,"13,8","78,6",6 774,"75,6","78,8",,"42,4","328,8","203,8","13,4","74,6",,"46,0","45,2","67,9","15,8","74,3",,"23,4","3,7","77,5","87,2",,"92,2","18,2","5,2",,"9,6","63,9","20,7","52,4",,"21,5","0,0","86,2","68,4",,"56,8"
Bursa,,"1,4","96,1","17,5",,"48,0","6,6","64,1","82,8",,6 326,"42,8","46,7",,"8,6","77,5",5 620,"76,2","77,3",,"35,5","310,6","202,2","14,5","73,5",,"85,3","44,8","99,8","26,3","75,5",,"16,9","2,2","62,0","82,8",,"90,6","17,3","7,1",,"13,5","99,5","27,3","72,2",,"101,0","137,8","87,6","61,2",,"61,1"
Çanakkale,,"1,5","86,7","17,8",,"45,0","6,1","58,0","81,9",,5 232,"31,4","46,2",,"7,5","77,7",5 238,"70,1","79,8",,"41,7","319,4","199,5","15,2","75,5",,"48,0","53,1","64,5","13,5","70,4",,"19,5","2,8","76,8","87,1",,"90,7","18,5","6,4",,"14,1","65,8","855,3","61,3",,"63,5","103,4","87,5","64,8",,"63,6"
Çankırı,,"1,6","93,7","16,0",,"42,4","6,8","58,6","78,3",,3 196,"39,1","42,4",,"9,9","78,2",6 221,"74,6","81,8",,"39,5","306,2","192,9","11,5","79,6",,"34,0","25,5","69,7","8,3","57,5",,"10,9","3,2","77,6","91,5",,"89,6","21,5","8,5",,"7,9","70,7","7,0","52,1",,"35,7","79,0","91,2","45,4",,"73,5"
Çorum,,"1,5","92,0","20,4",,"48,9","5,9","52,5","72,3",,3 822,"30,7","53,3",,"9,5","78,3",6 765,"63,1","78,2",,"34,8","313,2","200,6","10,8","69,2",,"45,0","35,5","71,2","9,7","65,8",,"36,0","3,2","69,2","83,8",,"89,3","31,6","5,3",,"7,4","71,1","15,9","53,8",,"32,3","0,0","90,5","45,3",,"56,6"
Denizli,,"1,4","88,5","15,7",,"54,0","6,5","52,9","84,1",,7 142,"39,0","44,5",,"7,9","78,8",5 344,"75,6","80,1",,"41,5","320,1","204,0","13,6","71,7",,"72,0","46,3","99,5","15,6","79,5",,"32,7","3,2","62,9","83,8",,"92,5","20,2","5,3",,"11,1","90,0","60,9","58,5",,"101,1","129,9","85,4","55,9",,"56,7"
Diyarbakır,,"0,9","86,4","28,0",,"30,2","18,7","55,1","71,6",,1 510,"28,8","72,4",,"14,0","78,2",4 240,"65,2","70,8",,"29,2","251,5","195,3","11,9","66,1",,"62,0","23,3","93,5","26,6","53,4",,"36,7","1,3","51,0","73,9",,"82,0","17,3","5,2",,"3,7","97,0","3543,7","57,7",,"38,9","120,3","85,9","29,5",,"48,7"
Edirne,,"1,5","82,1","13,7",,"50,1","7,8","53,1","78,5",,6 230,"39,4","47,4",,"6,9","77,7",4 243,"74,0","81,0",,"42,5","303,8","201,2","14,1","78,4",,"70,0","12,3","75,2","11,4","77,2",,"32,5","2,2","72,1","88,3",,"90,1","19,5","5,2",,"13,9","72,7","0,0","61,6",,"61,6","96,0","91,7","60,6",,"54,1"
Elazığ,,"1,4","89,5","24,0",,"48,9","7,8","57,0","72,8",,3 476,"32,4","54,7",,"11,4","78,5",4 053,"67,2","77,6",,"35,6","300,5","202,1","14,4","70,4",,"32,0","19,9","81,0","18,7","43,9",,"17,6","2,3","62,9","83,6",,"86,9","19,3","7,5",,"6,6","77,2","563,9","55,1",,"42,9","47,2","89,2","50,6",,"51,7"
Erzincan,,"1,4","89,0","22,5",,"47,7","6,7","63,3","79,8",,4 627,"34,2","44,6",,"8,7","79,1",5 687,"70,4","74,6",,"39,0","313,8","197,6","15,9","75,4",,"53,0","13,4","78,2","12,6","65,4",,"4,5","3,4","74,7","89,7",,"88,5","22,9","7,3",,"7,8","75,0","380,4","64,5",,"9,3","67,1","91,3","63,1",,"64,6"
Erzurum,,"1,1","83,1","28,0",,"46,7","6,6","59,9","79,2",,1 801,"30,8","50,3",,"12,8","77,3",3 744,"73,6","79,6",,"27,9","275,0","200,4","13,3","73,3",,"30,0","9,3","79,9","13,6","55,2",,"28,8","1,8","70,8","85,6",,"86,0","23,2","7,5",,"6,3","99,5","544,5","50,4",,"64,4","60,8","90,9","57,6",,"65,7"
Eskişehir,,"1,6","95,2","12,4",,"42,9","8,5","66,8","80,0",,6 570,"42,3","44,2",,"9,9","77,5",4 213,"74,0","75,5",,"41,2","323,3","202,4","18,2","57,7",,"31,0","25,2","98,9","21,5","81,0",,"17,2","2,4","61,1","77,2",,"90,7","18,1","5,6",,"15,5","95,0","3,1","66,2",,"144,0","152,9","86,2","48,8",,"62,7"
Gaziantep,,"1,0","87,1","19,5",,"43,6","6,9","52,7","73,6",,2 468,"27,9","58,7",,"17,7","76,7",5 916,"70,1","81,4",,"25,0","261,8","197,8","11,0","80,4",,"58,0","12,2","99,6","19,9","74,8",,"48,7","2,0","63,1","86,6",,"85,4","21,4","4,0",,"7,1","91,5","715,7","73,6",,"67,8","130,4","89,8","59,1",,"58,1"
Giresun,,"1,6","96,2","17,4",,"47,9","6,5","49,1","82,3",,4 701,"29,7","47,3",,"9,7","80,1",7 001,"72,5","85,1",,"47,2","315,2","195,3","12,6","83,7",,"49,0","36,1","64,2","13,5","67,7",,"25,6","2,2","77,8","90,9",,"87,0","22,1","6,0",,"8,9","58,6","53,1","65,9",,"32,9","32,1","92,2","65,6",,"65,5"
Gümüşhane,,"1,4","88,7","19,6",,"46,3","7,2","59,1","82,7",,2 668,"33,4","43,6",,"12,9","79,9",6 635,"69,3","84,8",,"28,8","322,0","198,3","13,8","84,1",,"63,0","27,3","67,9","9,9","62,6",,"6,8","2,6","78,3","88,4",,"82,9","17,8","8,6",,"6,1","71,1","217,3","61,5",,"1,3","0,0","89,8","57,3",,"61,1"
Hakkari,,"0,8","97,4","37,7",,"39,9","11,7","58,3","72,1",, 689,"23,8","61,9",,"16,1","77,3",5 764,"77,2","54,6",,"23,5","235,3","179,0","12,9","48,2",,"85,0","21,5","60,0","18,0","31,0",,"32,6","0,7","66,2","61,8",,"80,8","12,4","4,9",,"3,0","36,2","2,3","23,5",,"0,3","0,0","93,3","60,1",,"70,6"
Hatay,,"1,1","85,8","25,6",,"40,3","12,2","58,8","71,8",,4 695,"30,1","53,7",,"11,8","77,9",6 275,"70,1","70,9",,"41,0","292,2","200,3","12,2","64,9",,"61,5","38,2","97,7","19,3","55,5",,"34,9","2,4","62,3","79,3",,"89,1","19,2","5,0",,"7,4","88,0","253,5","51,0",,"42,8","74,4","86,3","48,5",,"50,3"
Isparta,,"1,5","94,6","9,5",,"49,5","8,7","54,5","90,9",,6 221,"28,1","33,5",,"9,4","78,7",3 847,"79,4","89,1",,"39,9","324,6","202,0","15,6","86,6",,"75,0","41,6","75,8","9,9","81,1",,"9,6","3,5","79,3","92,0",,"90,4","20,1","5,0",,"10,4","75,5","19,7","73,4",,"62,7","62,1","93,8","77,1",,"70,4"
Mersin,,"1,3","87,4","18,7",,"44,4","12,4","56,0","72,7",,5 218,"29,6","62,8",,"12,8","78,3",6 184,"67,1","74,7",,"45,3","297,4","201,8","14,5","72,4",,"52,0","51,2","96,8","26,6","69,0",,"28,9","3,1","52,1","82,1",,"89,3","18,3","5,0",,"10,1","90,0","468,4","61,4",,"62,8","100,1","84,5","50,6",,"52,8"
İstanbul,,"1,3","99,3","16,0",,"46,4","11,2","71,7","78,8",,18 131,"56,2","45,4",,"8,8","78,7",4 112,"72,6","67,4",,"27,5","298,2","202,0","17,6","61,6",,"54,8","44,0","99,9","33,8","80,7",,"22,5","1,1","45,1","68,5",,"89,3","24,2","7,9",,"17,6","100,0","9874,8","69,9",,"147,4","277,3","82,2","51,4",,"58,4"
İzmir,,"1,5","94,4","14,8",,"47,3","15,4","63,8","79,5",,10 346,"49,8","48,6",,"9,1","78,8",3 731,"71,2","72,6",,"35,4","303,9","202,5","17,7","65,9",,"41,0","39,9","99,0","27,0","62,7",,"21,4","2,6","60,1","76,5",,"90,3","19,5","7,2",,"16,5","96,5","3890,3","63,6",,"99,0","137,3","84,7","52,9",,"58,2"
Kars,,"1,0","56,2","38,1",,"55,5","6,6","57,8","77,3",,2 016,"28,0","66,6",,"12,1","77,7",4 111,"69,3","75,1",,"30,7","253,9","189,9","11,2","74,6",,"47,0","3,5","44,4","14,8","46,9",,"47,2","1,3","62,4","87,7",,"83,6","17,6","10,4",,"4,7","42,1","560,0","53,0",,"7,5","0,0","88,6","47,9",,"56,5"
Kastamonu,,"1,5","99,3","17,8",,"44,2","6,2","55,9","81,8",,3 555,"38,5","47,1",,"8,2","77,5",6 788,"72,4","83,1",,"36,2","314,3","195,0","11,7","86,1",,"34,0","68,1","56,2","8,4","88,3",,"46,1","2,4","73,2","92,8",,"89,5","20,2","7,2",,"8,9","54,8","60,1","62,2",,"43,9","27,2","93,3","48,3",,"60,0"
Kayseri,,"1,4","94,5","20,1",,"46,0","9,9","57,3","79,1",,5 045,"38,2","42,7",,"10,5","78,0",4 470,"72,6","77,0",,"27,7","305,7","205,8","14,7","69,6",,"75,0","6,4","99,7","21,7","75,7",,"25,7","2,9","61,7","84,2",,"90,5","26,0","7,7",,"10,1","96,5","2079,2","69,7",,"61,9","118,1","79,4","51,1",,"58,1"
Kırklareli,,"1,5","85,7","12,8",,"49,5","8,0","63,0","79,6",,6 600,"45,4","45,1",,"6,5","77,1",7 254,"74,0","76,2",,"43,9","310,9","199,9","14,0","75,8",,"37,3","40,1","79,7","11,1","78,3",,"37,8","2,3","71,7","85,1",,"91,0","19,6","7,8",,"13,4","78,3","0,0","71,9",,"49,6","20,1","90,6","58,2",,"53,2"
Kırşehir,,"1,5","90,0","15,3",,"43,1","7,3","59,4","83,1",,5 867,"37,5","47,1",,"6,8","78,2",7 006,"72,0","86,4",,"37,0","331,3","204,4","13,9","81,9",,"35,0","3,7","78,8","11,6","71,6",,"35,9","2,8","76,6","91,7",,"89,2","21,5","6,5",,"7,9","75,8","34,1","47,0",,"37,8","0,0","91,7","63,0",,"67,2"
Kocaeli,,"1,3","99,6","17,2",,"49,2","10,1","82,0","75,3",,5 489,"53,5","43,9",,"8,5","77,9",5 589,"73,3","70,5",,"36,1","309,1","200,9","15,7","66,5",,"55,8","43,1","100,0","24,4","68,8",,"21,5","2,1","49,0","74,3",,"91,1","24,9","13,2",,"12,6","99,0","1768,9","59,2",,"87,8","142,5","81,1","51,5",,"57,2"
Konya,,"1,4","92,1","11,8",,"46,2","4,7","54,7","84,8",,4 062,"37,3","45,3",,"10,4","78,1",4 623,"78,0","82,0",,"31,8","299,2","202,6","13,0","78,2",,"55,5","12,1","99,0","15,5","82,7",,"16,6","3,1","63,9","87,2",,"90,1","26,8","4,5",,"9,0","94,0","452,9","78,1",,"73,7","106,3","88,2","66,3",,"65,6"
Kütahya,,"1,4","97,8","14,2",,"49,3","6,0","60,3","88,0",,3 351,"38,6","34,5",,"10,5","76,9",6 572,"80,8","85,1",,"37,2","318,5","199,8","12,1","85,5",,"66,0","52,7","74,5","6,4","61,0",,"24,5","2,4","79,4","91,2",,"91,6","20,0","4,4",,"9,0","74,4","15,7","58,1",,"35,9","109,2","93,7","80,9",,"73,8"
Malatya,,"1,3","90,3","23,8",,"49,9","7,8","51,9","78,1",,3 430,"28,9","54,5",,"12,9","78,8",4 313,"71,1","77,8",,"34,0","309,4","203,9","15,5","69,1",,"43,0","15,3","98,0","16,4","65,6",,"24,7","1,9","68,0","86,2",,"87,0","21,1","7,2",,"6,9","87,0","171,6","62,7",,"63,8","83,8","87,0","52,4",,"53,9"
Manisa,,"1,4","78,7","15,8",,"52,7","5,1","63,0","77,3",,3 765,"28,4","44,6",,"9,4","77,4",5 619,"74,2","85,2",,"32,8","302,9","196,5","11,5","81,6",,"86,0","40,1","98,8","8,5","78,6",,"27,0","3,1","71,5","88,2",,"93,1","18,4","3,5",,"8,2","94,0","969,5","76,8",,"42,6","41,9","91,9","65,5",,"63,9"
Kahramanmaraş,,"1,2","79,8","24,9",,"41,5","11,6","55,3","78,8",,2 336,"26,2","55,8",,"11,6","79,1",6 058,"70,4","85,8",,"27,6","291,7","196,7","11,1","82,5",,"68,5","34,9","96,6","16,9","58,2",,"16,5","2,3","76,5","89,0",,"90,0","26,2","5,4",,"5,0","85,0","273,6","55,1",,"36,2","59,0","92,1","68,5",,"68,2"
Mardin,,"0,8","58,0","33,2",,"29,7","20,6","49,0","67,3",,1 030,"23,4","66,7",,"16,2","80,3",7 240,"59,2","68,3",,"26,4","241,9","189,0","10,2","67,3",,"58,0","14,5","95,6","15,3","46,4",,"24,1","1,3","69,9","75,2",,"83,8","17,1","4,7",,"3,1","84,0","228,8","45,6",,"10,7","50,1","83,5","36,1",,"51,6"
Muğla,,"1,4","89,5","17,6",,"51,5","7,3","57,7","81,5",,10 527,"38,9","51,3",,"6,9","80,5",5 375,"72,2","71,5",,"38,3","324,5","198,8","16,1","66,8",,"81,0","66,5","94,9","17,2","70,1",,"52,5","4,6","63,8","79,8",,"90,6","19,6","6,8",,"14,5","83,0","318,2","53,3",,"56,1","175,2","84,0","52,1",,"52,4"
Muş,,"0,8","65,6","30,9",,"41,2","10,4","59,0","69,4",, 759,"22,6","69,3",,"13,2","77,5",7 080,"64,4","61,5",,"26,9","251,7","191,2","8,9","63,7",,"99,0","8,4","48,3","15,4","36,7",,"21,9","1,1","54,5","78,0",,"82,0","16,9","4,0",,"2,2","42,0","125,7","35,8",,"9,1","0,0","91,3","25,7",,"54,7"
Nevşehir,,"1,5","89,7","13,8",,"47,5","6,0","49,9","81,4",,6 201,"36,7","45,2",,"7,0","77,6",6 993,"73,2","85,6",,"46,7","310,3","199,9","11,9","76,9",,"47,0","1,3","75,3","11,7","69,4",,"21,0","3,3","69,1","85,5",,"90,6","19,7","4,9",,"10,0","71,7","150,3","64,4",,"41,6","90,9","88,7","43,6",,"64,5"
Niğde,,"1,3","81,7","16,2",,"46,3","6,1","52,2","81,6",,2 928,"28,0","50,5",,"10,3","78,4",7 459,"77,4","84,4",,"31,6","294,3","202,5","11,8","81,6",,"68,0","7,1","73,3","7,1","61,5",,"26,2","2,4","76,2","89,7",,"91,8","20,8","5,5",,"6,5","66,0","0,0","63,6",,"19,2","0,0","89,0","57,3",,"64,9"
Ordu,,"1,4","99,2","24,5",,"49,0","6,1","51,1","77,7",,3 464,"29,9","53,0",,"8,4","79,8",6 534,"68,6","81,6",,"34,9","307,4","196,8","11,1","77,8",,"48,0","34,1","87,9","15,8","54,5",,"22,1","2,0","66,6","88,6",,"86,8","20,6","7,3",,"7,1","67,5","85,6","54,4",,"29,8","10,8","88,4","45,3",,"58,2"
Rize,,"1,6","97,9","14,7",,"48,1","6,7","57,4","91,6",,3 900,"37,7","42,7",,"8,4","79,6",5 971,"77,5","86,2",,"39,1","306,7","194,5","13,5","84,4",,"30,0","44,3","67,2","12,6","75,5",,"30,3","2,5","85,3","90,7",,"85,2","34,7","7,4",,"10,7","59,1","305,3","68,6",,"20,9","0,0","90,0","67,6",,"61,6"
Sakarya,,"1,7","99,5","15,7",,"49,7","9,4","63,2","81,2",,3 802,"38,5","46,1",,"8,3","77,5",6 301,"80,8","84,0",,"37,0","303,4","198,3","12,5","80,6",,"64,5","42,0","99,7","14,2","70,2",,"26,8","2,8","76,9","89,4",,"91,3","23,6","22,1",,"10,5","80,0","10,5","74,2",,"89,5","132,4","89,1","67,9",,"69,6"
Samsun,,"1,4","99,4","19,5",,"47,2","6,6","55,2","80,9",,4 097,"36,1","46,1",,"10,2","78,1",4 544,"71,0","84,3",,"39,2","304,8","201,0","13,5","80,5",,"56,0","40,0","85,4","20,1","68,3",,"18,9","2,5","61,4","87,7",,"89,1","23,2","6,3",,"9,5","75,5","485,9","66,1",,"64,5","128,2","86,5","50,3",,"61,0"
Siirt,,"0,9","88,1","28,5",,"29,8","20,5","57,2","72,5",,1 162,"36,3","57,2",,"15,7","77,9",5 787,"69,4","79,4",,"39,2","239,0","194,5","12,6","68,8",,"113,0","36,8","68,2","17,6","45,9",,"28,3","1,8","62,2","86,9",,"87,5","25,0","3,6",,"3,1","66,0","68,8","30,7",,"16,4","78,5","94,2","21,5",,"71,7"
Sinop,,"1,6","99,1","13,9",,"43,5","6,2","51,5","89,3",,4 371,"39,6","48,3",,"9,3","78,6",7 344,"71,3","80,6",,"38,9","299,0","196,6","11,9","87,5",,"36,0","62,0","54,7","10,1","64,3",,"19,6","2,1","77,0","93,7",,"86,8","21,0","9,8",,"9,9","53,7","102,3","49,2",,"4,0","0,0","96,2","71,2",,"77,7"
Sivas,,"1,4","93,1","20,2",,"44,7","10,0","61,2","79,2",,4 719,"33,5","40,7",,"8,6","77,8",4 319,"69,2","79,4",,"29,0","306,7","200,3","13,2","72,4",,"30,0","9,9","73,1","13,2","75,7",,"19,3","2,3","72,6","87,6",,"88,7","32,7","7,7",,"8,0","72,9","167,6","65,3",,"55,8","0,0","84,6","56,9",,"59,5"
Tekirdağ,,"1,4","93,7","13,5",,"52,6","7,2","65,2","82,4",,5 365,"51,6","45,5",,"10,2","77,1",6 133,"75,4","75,1",,"32,5","301,0","197,5","13,3","76,9",,"56,3","16,8","99,7","14,3","74,4",,"22,1","2,1","57,7","83,8",,"90,7","17,9","7,5",,"13,5","88,5","19,2","59,7",,"67,9","100,2","89,4","58,9",,"56,5"
Tokat,,"1,4","95,2","18,6",,"46,7","6,6","52,3","85,2",,2 260,"29,7","44,7",,"11,8","77,6",5 591,"71,8","82,1",,"47,9","301,8","198,3","11,8","78,6",,"49,0","41,6","73,6","12,3","61,7",,"15,1","2,7","70,8","88,1",,"89,6","27,9","6,8",,"6,7","70,9","43,1","65,1",,"27,6","46,8","91,3","60,6",,"59,3"
Trabzon,,"1,5","94,8","20,5",,"46,6","7,4","53,3","78,0",,5 826,"36,0","41,2",,"10,0","79,8",4 592,"71,9","82,6",,"40,7","312,2","200,8","15,5","71,7",,"57,5","41,5","99,3","24,6","72,5",,"15,6","1,9","68,9","83,0",,"86,5","22,8","7,9",,"11,0","82,5","3694,2","67,2",,"115,5","122,1","86,0","60,7",,"57,6"
Tunceli,,"1,5","87,0","26,9",,"49,7","8,1","61,5","76,0",,7 184,"36,1","59,7",,"10,8","80,5",5 329,"59,9","63,6",,"53,2","338,0","199,1","17,9","63,3",,"18,0","27,4","66,0","10,7","64,1",,"69,3","1,8","71,1","78,2",,"83,4","15,0","9,9",,"7,8","64,5","0,0","45,1",,"13,7","0,0","88,6","43,0",,"42,0"
Şanlıurfa,,"0,8","64,5","27,8",,"32,4","16,3","52,2","70,4",, 833,"21,4","68,7",,"17,9","77,4",7 888,"71,9","79,2",,"28,8","215,3","190,6","8,6","74,0",,"49,0","0,5","84,9","15,0","61,6",,"39,0","1,2","68,6","86,0",,"86,8","20,0","4,0",,"2,6","78,0","132,3","65,4",,"20,8","39,9","90,7","34,7",,"57,3"
Uşak,,"1,4","91,2","12,5",,"51,4","5,4","52,0","91,1",,7 666,"31,1","35,7",,"8,3","78,0",7 647,"78,8","88,6",,"35,1","306,9","200,3","12,1","84,7",,"55,0","39,6","73,2","6,9","76,9",,"28,6","3,2","79,2","92,4",,"91,4","20,7","4,2",,"8,8","68,1","20,5","67,7",,"65,2","88,6","95,2","76,0",,"72,3"
Van,,"0,9","82,3","30,6",,"41,4","10,3","56,2","64,7",,1 129,"21,3","65,2",,"16,8","75,6",4 955,"68,9","64,4",,"31,0","237,1","192,3","9,5","66,7",,"49,0","1,4","97,1","14,0","57,6",,"32,2","1,5","58,8","75,7",,"81,7","16,0","5,7",,"2,6","90,0","1781,7","55,3",,"23,1","35,9","91,8","40,4",,"58,7"
Yozgat,,"1,5","85,2","28,7",,"47,1","8,6","59,0","77,4",,3 806,"26,0","51,0",,"10,7","77,8",5 404,"69,7","81,1",,"32,6","300,7","195,6","9,9","82,5",,"42,0","16,4","70,6","14,2","72,1",,"23,1","2,4","72,8","89,2",,"84,4","24,0","6,4",,"5,7","70,2","0,0","57,0",,"10,7","0,0","87,0","46,4",,"60,7"
Zonguldak,,"1,5","99,7","21,9",,"51,2","7,6","85,6","80,5",,7 029,"50,0","48,0",,"8,5","77,9",5 327,"69,5","72,9",,"30,1","310,4","196,0","11,8","72,8",,"64,5","68,5","69,8","19,8","60,9",,"21,7","1,8","67,5","82,7",,"88,7","21,9","9,7",,"12,2","64,6","0,1","54,2",,"65,7","51,9","85,2","53,4",,"51,1"
Aksaray,,"1,3","81,0","19,7",,"47,2","5,8","55,7","85,7",,5 612,"33,0","48,5",,"11,6","78,2",7 448,"72,8","81,6",,"30,9","297,0","199,5","10,1","81,1",,"61,0","1,7","76,0","16,8","56,2",,"13,0","3,2","62,2","89,6",,"87,3","18,8","4,2",,"7,2","70,8","26,9","39,3",,"21,0","57,5","91,7","63,1",,"67,8"
Bayburt,,"1,2","96,9","20,3",,"48,1","6,2","53,5","76,5",,2 097,"38,9","44,0",,"12,6","77,5",5 311,"74,3","75,7",,"29,1","307,8","202,0","12,8","72,9",,"53,0","3,8","61,8","8,7","48,4",,"12,4","3,3","86,0","82,6",,"86,9","18,1","8,2",,"7,1","61,1","0,0","52,2",,"3,9","0,0","91,7","46,7",,"75,9"
Karaman,,"1,4","85,9","11,8",,"48,1","4,2","53,1","88,9",,4 864,"34,6","45,8",,"8,7","79,0",6 424,"76,8","84,8",,"37,2","307,0","202,5","12,6","83,0",,"79,0","26,5","77,3","9,9","78,7",,"33,3","3,3","71,4","90,3",,"90,6","24,8","6,4",,"9,1","72,5","0,0","78,8",,"15,3","40,3","89,2","64,5",,"63,0"
Kırıkkale,,"1,5","94,8","14,2",,"41,1","8,0","68,4","84,2",,2 890,"37,5","48,1",,"14,5","77,1",3 528,"79,1","88,1",,"34,0","307,1","198,6","14,0","81,7",,"27,0","9,7","86,7","9,7","55,6",,"29,5","3,3","72,6","90,3",,"89,1","25,6","5,2",,"9,1","87,4","827,0","47,2",,"49,4","195,9","91,9","58,8",,"75,5"
Batman,,"0,8","85,9","32,2",,"27,8","23,4","59,2","65,0",,1 594,"28,7","75,0",,"15,6","78,7",5 691,"68,1","70,1",,"26,9","253,7","196,8","12,3","66,3",,"90,0","15,4","78,2","20,1","47,1",,"16,1","1,1","48,6","70,9",,"84,5","20,1","4,3",,"3,7","74,4","168,5","49,6",,"30,9","35,9","90,3","35,7",,"52,3"
Şırnak,,"0,8","69,1","33,5",,"30,0","20,1","49,4","73,8",, 616,"23,5","67,2",,"17,5","78,0",7 313,"69,4","57,5",,"26,1","224,1","182,9","11,1","61,7",,"31,0","34,0","71,8","17,0","40,8",,"22,5","1,2","58,8","58,9",,"86,1","15,4","3,6",,"2,7","66,2","31,1","49,2",,"0,4","0,0","84,4","46,4",,"71,4"
Bartın,,"1,5","99,6","18,1",,"54,9","6,2","54,6","85,3",,5 818,"50,6","49,4",,"12,3","77,6",8 011,"73,8","81,3",,"37,5","298,6","194,5","10,7","78,6",,"56,0","47,3","46,2","14,8","77,2",,"15,8","2,7","76,7","91,3",,"88,7","16,5","9,1",,"10,0","45,6","0,2","69,0",,"39,1","0,0","89,7","65,9",,"60,4"
Ardahan,,"1,0","50,3","44,7",,"59,1","5,8","54,1","70,2",,2 128,"18,2","71,2",,"11,1","76,6",5 044,"64,6","72,4",,"35,8","270,1","178,6","10,5","72,8",,"33,0","6,2","35,7","8,2","39,7",,"29,8","2,3","69,0","84,1",,"84,3","21,8","7,9",,"5,8","31,1","29,0","46,0",,"6,7","0,0","90,4","43,4",,"60,7"
Iğdır,,"1,1","60,7","34,6",,"54,5","6,9","50,6","72,6",,2 217,"30,0","65,3",,"13,6","78,3",8 007,"66,6","72,1",,"31,0","248,5","191,6","11,7","77,8",,"106,0","0,0","62,3","21,7","34,0",,"15,6","1,3","68,2","85,1",,"84,9","20,1","7,5",,"4,4","45,6","84,1","39,6",,"0,8","0,0","88,9","42,0",,"59,6"
Yalova,,"1,5","99,1","15,3",,"46,9","11,0","59,9","83,7",,7 457,"38,8","39,4",,"8,1","78,6",7 300,"77,9","78,9",,"39,8","316,6","207,9","16,0","70,8",,"33,0","58,4","87,4","17,5","66,2",,"17,7","2,6","54,2","80,6",,"84,9","20,3","7,7",,"16,0","84,9","2439,7","66,3",,"115,2","115,3","85,1","56,5",,"63,7"
Karabük,,"1,5","99,9","18,5",,"50,7","8,0","61,1","84,1",,4 245,"42,2","48,3",,"5,3","78,5",6 613,"73,6","77,0",,"36,1","327,7","203,3","14,6","75,7",,"47,0","69,7","76,8","13,2","81,8",,"13,0","2,2","71,5","86,9",,"89,4","27,0","8,2",,"12,5","75,9","0,1","70,3",,"58,9","208,6","87,1","58,3",,"56,4"
Kilis,,"1,1","69,7","27,0",,"41,1","7,7","46,9","73,9",,1 339,"23,6","58,8",,"25,7","75,0",6 056,"70,2","79,0",,"30,0","257,9","202,8","11,8","82,0",,"29,0","13,6","73,0","14,8","34,2",,"46,6","4,5","65,3","86,2",,"88,4","27,7","5,3",,"5,3","72,9","298,1","35,2",,"20,7","0,0","90,6","50,8",,"60,9"
Osmaniye,,"1,1","79,4","20,2",,"37,8","14,0","53,7","73,3",,1 926,"29,1","58,0",,"10,9","78,6",6 976,"66,5","78,4",,"28,6","309,5","198,9","13,9","73,4",,"68,0","46,0","77,7","25,7","79,2",,"29,6","3,4","64,5","85,3",,"89,6","23,2","4,5",,"5,2","72,0","309,8","61,5",,"44,2","39,0","89,0","39,9",,"45,8"
Düzce,,"1,4","99,8","20,9",,"51,7","8,7","52,7","74,0",,3 088,"41,3","32,8",,"10,4","77,7",4 961,"72,7","74,0",,"37,0","298,7","195,6","12,1","52,8",,"107,0","46,6","63,0","11,0","44,3",,"28,1","3,0","62,2","68,2",,"91,1","20,4","5,5",,"10,6","59,8","0,0","47,3",,"59,2","38,0","92,0","45,3",,"72,8"
"TÜİK, İllerde yaşam endeksi gösterge değerleri, 2015",,,,,,,,,,,,,,,,,,,,,,,,,,,,,,,,,,,,,,,,,,,,,,,,,,,,
"TurkStat, Indicator values of well-being index for provinces, 2015",,,,,,,,,,,,,,,,,,,,,,,,,,,,,,,,,,,,,,,,,,,,,,,,,,,,
,,,,,,,,,,,,,,,,,,,,,,,,,,,,,,,,,,,,,,,,,,,,,,,,,,,,,
,,,,,,,,,,,,,,,,,,,,,,,,,,,,,,,,,,,,,,,,,,,,,,,,,,,,,
,,,,,,,,,,,,,,,,,,,,,,,,,,,,,,,,,,,,,,,,,,,,,,,,,,,,,
,,,,,,,,,,,,,,,,,,,,,,,,,,,,,,,,,,,,,,,,,,,,,,,,,,,,,
,,,,,,,,,,,,,,,,,,,,,,,,,,,,,,,,,,,,,,,,,,,,,,,,,,,,,
,,,,,,,,,,,,,,,,,,,,,,,,,,,,,,,,,,,,,,,,,,,,,,,,,,,,,
,,,,,,,,,,,,,,,,,,,,,,,,,,,,,,,,,,,,,,,,,,,,,,,,,,,,,
,,,,,,,,,,,,,,,,,,,,,,,,,,,,,,,,,,,,,,,,,,,,,,,,,,,,,
,,,,,,,,,,,,,,,,,,,,,,,,,,,,,,,,,,,,,,,,,,,,,,,,,,,,,
,,,,,,,,,,,,,,,,,,,,,,,,,,,,,,,,,,,,,,,,,,,,,,,,,,,,,
,,,,,,,,,,,,,,,,,,,,,,,,,,,,,,,,,,,,,,,,,,,,,,,,,,,,,
,,,,,,,,,,,,,,,,,,,,,,,,,,,,,,,,,,,,,,,,,,,,,,,,,,,,,
,,,,,,,,,,,,,,,,,,,,,,,,,,,,,,,,,,,,,,,,,,,,,,,,,,,,,
,,,,,,,,,,,,,,,,,,,,,,,,,,,,,,,,,,,,,,,,,,,,,,,,,,,,,
,,,,,,,,,,,,,,,,,,,,,,,,,,,,,,,,,,,,,,,,,,,,,,,,,,,,,
,,,,,,,,,,,,,,,,,,,,,,,,,,,,,,,,,,,,,,,,,,,,,,,,,,,,,
,,,,,,,,,,,,,,,,,,,,,,,,,,,,,,,,,,,,,,,,,,,,,,,,,,,,,
,,,,,,,,,,,,,,,,,,,,,,,,,,,,,,,,,,,,,,,,,,,,,,,,,,,,,
,,,,,,,,,,,,,,,,,,,,,,,,,,,,,,,,,,,,,,,,,,,,,,,,,,,,,
,,,,,,,,,,,,,,,,,,,,,,,,,,,,,,,,,,,,,,,,,,,,,,,,,,,,,
,,,,,,,,,,,,,,,,,,,,,,,,,,,,,,,,,,,,,,,,,,,,,,,,,,,,,
,,,,,,,,,,,,,,,,,,,,,,,,,,,,,,,,,,,,,,,,,,,,,,,,,,,,,
,,,,,,,,,,,,,,,,,,,,,,,,,,,,,,,,,,,,,,,,,,,,,,,,,,,,,
,,,,,,,,,,,,,,,,,,,,,,,,,,,,,,,,,,,,,,,,,,,,,,,,,,,,,
,,,,,,,,,,,,,,,,,,,,,,,,,,,,,,,,,,,,,,,,,,,,,,,,,,,,,
,,,,,,,,,,,,,,,,,,,,,,,,,,,,,,,,,,,,,,,,,,,,,,,,,,,,,
,,,,,,,,,,,,,,,,,,,,,,,,,,,,,,,,,,,,,,,,,,,,,,,,,,,,,
,,,,,,,,,,,,,,,,,,,,,,,,,,,,,,,,,,,,,,,,,,,,,,,,,,,,,
,,,,,,,,,,,,,,,,,,,,,,,,,,,,,,,,,,,,,,,,,,,,,,,,,,,,,
,,,,,,,,,,,,,,,,,,,,,,,,,,,,,,,,,,,,,,,,,,,,,,,,,,,,,
,,,,,,,,,,,,,,,,,,,,,,,,,,,,,,,,,,,,,,,,,,,,,,,,,,,,,
